TIME_NANOSECONDS_TAI ,OMPS_Range_M[1] ,OMPS_Range_M[2] ,OMPS_Range_M[3] ,OMPS_Range_M[4] ,OMPS_DopplerSpeed_MpS[1] ,OMPS_DopplerSpeed_MpS[2] ,OMPS_DopplerSpeed_MpS[3] ,OMPS_DopplerSpeed_MpS[4]
1.60259621009107e+18,22.1875,20.4375,28.0625,21.75,-0.16015625,-1.29296875,0.34765625,1.1171875
1.60259621019107e+18,22.125,20.5625,28.125,21.875,-0.39453125,0.171875,0.3203125,-0.53125
1.60259621029107e+18,22.125,20.375,27.875,21.75,-0.1875,-0.2578125,0.5546875,0.453125
1.60259621039107e+18,22.125,20.5625,28.0625,21.75,0.55078125,0.234375,0.30078125,0.359375
1.60259621049107e+18,22.125,20.5625,28.125,21.625,0.62890625,1.08984375,0.33203125,0.234375
1.60259621059107e+18,22.125,20.625,28.0625,21.625,0.46875,-1.53125,0.40234375,0.765625
1.60259621069107e+18,22.1875,20.5625,27.9375,21.6875,-0.00390625,-0.24609375,0.49609375,0.05078125
1.60259621079107e+18,22.0625,20.5625,28.0625,21.75,0.046875,0.64453125,0.46484375,0.55078125
1.60259621089107e+18,22.125,20.625,28.125,21.75,0.21875,-0.7734375,0.38671875,-0.06640625
1.60259621099107e+18,22.0625,20.6875,28.125,21.6875,0.28515625,-0.62109375,0.31640625,0.34375
1.60259621109107e+18,21.375,20.5625,28.0625,21.6875,-0.203125,-1.01171875,0.51171875,0.078125
1.60259621119107e+18,21.375,20.625,28.0625,21.75,-0.203125,1.16796875,0.4296875,0.3984375
1.60259621129107e+18,21.375,20.625,28,21.8125,0.65625,1.29296875,0.57421875,-0.1875
1.60259621139107e+18,22.125,20.625,28.125,21.6875,0.00390625,-0.92578125,0.52734375,0.46875
1.60259621149107e+18,22.0625,20.4375,28.125,21.75,-0.015625,-0.4453125,0.34765625,0.6640625
1.60259621159107e+18,22.0625,20.625,28,21.6875,-0.015625,0.55078125,0.3984375,-0.40625
1.60259621169107e+18,22.125,20.625,28.0625,21.6875,0.9296875,0.359375,0.5703125,-0.515625
1.60259621179107e+18,22.125,20.5625,28.0625,21.8125,0.55078125,0.3125,0.5234375,-0.3203125
1.60259621189107e+18,22.125,20.625,28.1875,21.875,-0.04296875,0.265625,0.4453125,0.18359375
1.60259621199107e+18,22.125,20.5625,28.125,21.6875,0.109375,0.42578125,0.3984375,-0.203125
1.60259621209107e+18,22.125,20.625,28.0625,21.6875,0.8671875,1.44921875,0.5625,0.68359375
1.60259621219107e+18,22.125,20.625,27.9375,21.6875,0.01171875,-0.51171875,0.359375,0.53515625
1.60259621229107e+18,22.0625,20.4375,28.0625,21.6875,0.578125,0.73828125,0.265625,0.59765625
1.60259621239107e+18,22.125,20.625,28.0625,21.6875,0.57421875,-0.39453125,0.69921875,0.69140625
1.60259621249107e+18,22.125,20.5625,28.0625,21.75,0.171875,-0.58203125,0.5390625,0.49609375
1.60259621259107e+18,22.125,20.4375,27.875,21.6875,0.5078125,-0.41796875,0.55078125,-0.23046875
1.60259621269107e+18,22.0625,20.5625,28,21.75,-0.015625,-0.54296875,0.390625,0.57421875
1.60259621279107e+18,22.0625,20.4375,28.0625,21.6875,0.234375,0.72265625,0.5546875,0.21875
1.60259621289107e+18,22.125,20.4375,28.125,21.6875,0.0234375,-0.6484375,0.4609375,-0.203125
1.60259621299107e+18,22.0625,20.4375,28.0625,21.6875,1.25,0.265625,0.48046875,0.88671875
1.60259621309107e+18,22.0625,20.5625,28,21.75,0.64453125,-0.30078125,0.56640625,-0.1796875
1.60259621319107e+18,22.125,20.4375,28.125,21.6875,0.52734375,1.24609375,0.44140625,0.67578125
1.60259621329107e+18,22.125,20.4375,28.125,21.6875,0.765625,0.9296875,0.4296875,0.359375
1.60259621339107e+18,21.875,20.5625,28.125,21.75,0.6640625,0.1328125,0.49609375,-0.015625
1.60259621349107e+18,21.375,20.4375,28.125,21.75,1.26171875,-0.94140625,0.39453125,0.140625
1.60259621359107e+18,21.1875,20.5,28.125,21.75,0.1328125,-0.015625,0.453125,0.67578125
1.60259621369107e+18,21.25,20.5,28.0625,21.75,0.33203125,-0.7734375,0.49609375,0.89453125
1.60259621379107e+18,21,20.5625,27.9375,21.6875,-0.91796875,0.21875,0.64453125,0.64453125
1.60259621389107e+18,20.0625,20.5,28.0625,21.6875,-2.4765625,0.8828125,0.5625,0.58203125
1.60259621399107e+18,20.0625,20.5,27.9375,21.75,-44.6328125,-0.94921875,0.4296875,0.77734375
1.60259621409107e+18,20.125,20.5625,28.0625,21.6875,-44.29296875,-0.1875,0.6640625,0.01171875
1.60259621419107e+18,20.6875,20.5,28.0625,21.75,-44.48046875,-0.7734375,0.453125,0.05859375
1.60259621429107e+18,20.1875,20.4375,28.0625,21.6875,-0.39453125,0.83203125,0.42578125,0.61328125
1.60259621439107e+18,20.9375,20.5,28.0625,21.75,-4.2421875,0.61328125,0.4921875,0.4765625
1.60259621449107e+18,19.875,20.5625,28.0625,21.6875,-2.06640625,1.1171875,0.453125,0.328125
1.60259621459107e+18,19.3125,20.5625,27.9375,21.75,28.42578125,0.6953125,0.4375,0.5234375
1.60259621469107e+18,21.25,20.5,28.125,21.75,1.1171875,0.296875,0.640625,0.96484375
1.60259621479107e+18,21.0625,20.5,28.125,21.6875,-0.99609375,0.359375,0.55078125,0.453125
1.60259621489107e+18,20.9375,20.5625,27.9375,21.6875,1.16796875,0.265625,0.73046875,0.3984375
1.60259621499107e+18,20.875,20.4375,28.0625,21.6875,0.046875,0.171875,0.5625,0.44140625
1.60259621509107e+18,21.0625,20.4375,28.0625,21.75,0.9765625,0.9609375,0.71875,0.67578125
1.60259621519107e+18,21.125,20.5625,28,21.6875,0.9296875,1.703125,0.63671875,0.890625
1.60259621529107e+18,20.9375,20.4375,28.0625,21.5625,-0.9609375,0.51171875,0.4609375,0.73828125
1.60259621539107e+18,20.9375,20.5625,28.0625,21.6875,-43.34375,-0.5390625,0.3984375,0.7890625
1.60259621549107e+18,19.125,20.5,28.125,21.75,-0.7734375,1.265625,0.46875,-0.16015625
1.60259621559107e+18,21.125,20.4375,28.0625,21.6875,-44.97265625,1.04296875,0.5,0.359375
1.60259621569107e+18,19.6875,20.375,28,21.6875,0.41015625,-0.5546875,0.58203125,1.0234375
1.60259621579107e+18,20.875,20.5625,28,21.6875,0.83203125,0.88671875,0.55078125,1.1015625
1.60259621589107e+18,20.875,20.5625,28,21.6875,-1.65625,1.0546875,0.4140625,0.41015625
1.60259621599107e+18,21,20.5625,28.0625,21.6875,-0.015625,-0.08203125,0.3984375,0.171875
1.60259621609107e+18,21,20.5,28.0625,21.75,-44.1484375,0.0078125,0.6796875,0.390625
1.60259621619107e+18,21.0625,20.5,28.0625,21.75,-0.8359375,0.9296875,0.359375,0.9921875
1.60259621629107e+18,20.8125,20.5625,27.9375,21.6875,0.55078125,0.21875,0.48828125,0.39453125
1.60259621639107e+18,20.9375,20.4375,28.125,21.75,-45.23828125,0.53515625,0.4609375,0.359375
1.60259621649107e+18,20.875,20.5,28.0625,21.6875,-44.96484375,1.1015625,0.5390625,0.375
1.60259621659107e+18,20,20.5625,27.875,21.6875,-44.0078125,-0.046875,0.35546875,-0.17578125
1.60259621669107e+18,20,20.5625,27.9375,21.75,-44.796875,0.453125,0.53515625,0.38671875
1.60259621679107e+18,20.25,20.5625,27.875,21.6875,-45.046875,-0.14453125,0.3671875,0.57421875
1.60259621689107e+18,19,20.5625,27.9375,21.6875,-45.11328125,-0.06640625,0.48828125,0.359375
1.60259621699107e+18,19.625,20.4375,27.9375,21.75,-44.64453125,0.32421875,0.41796875,0.9296875
1.60259621709107e+18,19.4375,20.5625,28,21.75,-44.48046875,0.703125,0.453125,0.34765625
1.60259621719107e+18,20.1875,20.625,27.9375,21.75,-44.0078125,0.15234375,0.4453125,-0.37109375
1.60259621729107e+18,18.875,20.5625,28,21.6875,-44.44921875,1.2109375,0.5234375,0.62890625
1.60259621739107e+18,19.125,20.4375,27.875,21.6875,-44.1015625,-0.66015625,0.5078125,0.6640625
1.60259621749107e+18,17.5,20.4375,28.0625,21.6875,-44.859375,-0.109375,0.40234375,0.55078125
1.60259621759107e+18,18.25,20.5625,28.0625,21.6875,-45.2109375,0.64453125,0.359375,0.0390625
1.60259621769107e+18,17.625,20.5625,28.0625,21.6875,27.984375,0.91796875,0.296875,0.24609375
1.60259621779107e+18,17.8125,20.5625,28.1875,21.75,-44.29296875,-0.58203125,-0.15234375,-0.109375
1.60259621789107e+18,17.75,20.5625,28.0625,21.6875,-44.859375,-0.609375,-0.2421875,-0.515625
1.60259621799107e+18,17.4375,20.75,28.125,22,-44.859375,-1.3671875,-0.47265625,-0.58203125
1.60259621809107e+18,17.4375,21.0625,28.125,22.25,-44.953125,-0.375,-0.62109375,-0.91796875
1.60259621819107e+18,17.625,21,28.6875,22.3125,-44.671875,-0.80078125,-0.8515625,-1.625
1.60259621829107e+18,18.25,21.6875,28.75,22.5625,-45,-2.25,-1.328125,-2.09765625
1.60259621839107e+18,18.9375,21.875,29.3125,22.8125,-45.22265625,-2.64453125,-1.19921875,-2.65625
1.60259621849107e+18,19.3125,22.0625,29.5,23.1875,-44.1015625,-3.02734375,-1.71875,-2.30078125
1.60259621859107e+18,20.4375,22.5625,29.8125,23.25,-44.328125,-2.9375,-2.19921875,-3.20703125
1.60259621869107e+18,20.1875,24.3125,30.5,23.875,-43.78515625,-3.56640625,-2.3203125,-3.4609375
1.60259621879107e+18,21,24.6875,31.125,24.5,-44.70703125,-3.76953125,-2.6796875,-3.87890625
1.60259621889107e+18,22.1875,25.3125,31.6875,25.125,-44.54296875,-4.30078125,-2.96484375,-4.3203125
1.60259621899107e+18,22.3125,26,32.3125,25.5625,-44.35546875,-4.23046875,-3.10546875,-4.3515625
1.60259621909107e+18,23.4375,26.5625,33.4375,26.25,-43.9765625,-4.875,-3.62890625,-4.828125
1.60259621919107e+18,23.6875,27.0625,34.125,27,-44.2421875,-5.30859375,-3.95703125,-5.44140625
1.60259621929107e+18,23.25,27.3125,35,27.375,-20.0234375,-5.6640625,-4.27734375,-5.83203125
1.60259621939107e+18,23.5625,27.6875,35.9375,28.625,-44.6484375,-6.234375,-4.49609375,-6.2109375
1.60259621949107e+18,25,29.4375,37.0625,29.25,-43.18359375,-6.29296875,-4.88671875,-6.578125
1.60259621959107e+18,26.25,30.6875,37.6875,30.1875,-9.6640625,-6.93359375,-5.0625,-6.8984375
1.60259621969107e+18,27.5,31.3125,38.875,31.0625,-19.31640625,-6.91796875,-5.3046875,-7.06640625
1.60259621979107e+18,28.5625,32.375,40.0625,32.3125,-17.046875,-7.390625,-5.3984375,-7.55078125
1.60259621989107e+18,30,33.4375,41.25,33.0625,-17.296875,-7.66015625,-5.92578125,-7.84765625
1.60259621999107e+18,30.375,34.3125,42.625,34,-34.83203125,-8.01953125,-6.08203125,-8.15234375
1.60259622009107e+18,33.75,35.5,44.3125,35.25,-16.09765625,-8.66796875,-6.390625,-8.55078125
1.60259622019107e+18,35,36.625,45.5625,36.4375,-26.6953125,-8.91796875,-6.63671875,-9.05078125
1.60259622029107e+18,36,37.875,46.6875,37.75,-32.1171875,-9.41015625,-6.984375,-9.21484375
1.60259622039107e+18,38.4375,39.0625,48.5,39.1875,-34.42578125,-9.48828125,-7.49609375,-9.4296875
1.60259622049107e+18,38.5,40.4375,49.75,40.5625,-32.8984375,-9.87109375,-7.42578125,-10.00390625
1.60259622059107e+18,41.25,42.0625,51.5,42,-10.84375,-10.296875,-7.80859375,-9.94921875
1.60259622069107e+18,42.8125,43.3125,53.25,43.375,-27.95703125,-10.56640625,-7.98046875,-10.43359375
1.60259622079107e+18,42.1875,44.6875,55.125,44.9375,-14.7890625,-10.9296875,-8.2109375,-10.97265625
1.60259622089107e+18,43.4375,46.25,57,46.3125,-20.80078125,-11.4375,-8.6015625,-11.6171875
1.60259622099107e+18,47.25,47.75,59.125,48,-38.07421875,-11.66796875,-9.0390625,-11.91015625
1.60259622109107e+18,48.25,49.3125,61.125,49.75,-13.828125,-12.15234375,-9.02734375,-12.0625
1.60259622119107e+18,48.875,51.125,63,51.5,-43.50390625,-12.50390625,-9.328125,-12.609375
1.60259622129107e+18,51.9375,52.8125,65.375,53.1875,-41.390625,-12.73828125,-9.57421875,-12.8828125
1.60259622139107e+18,53.375,54.625,67.5,54.9375,-16.46875,-12.9921875,-10.296875,-13.51171875
1.60259622149107e+18,55.75,56.4375,69.375,56.8125,-28.7421875,-13.3359375,-9.9921875,-13.828125
1.60259622159107e+18,55.3125,58.25,71.8125,58.75,-13.765625,-13.640625,-10.24609375,-13.80078125
1.60259622169107e+18,56.125,60.0625,74.3125,60.6875,-2.51953125,-14.1171875,-10.453125,-14.24609375
1.60259622179107e+18,57.875,61.9375,76.6875,62.875,-16.09765625,-14.40234375,-10.734375,-14.796875
1.60259622189107e+18,61.125,64.0625,79.125,64.625,-17.8203125,-14.84375,-10.984375,-15.08203125
1.60259622199107e+18,61.6875,66.125,81.875,66.8125,-24.4765625,-14.953125,-11.296875,-15.30078125
1.60259622209107e+18,65.375,68.3125,84.5625,69,-20.04296875,-15.359375,-11.4921875,-15.87890625
1.60259622219107e+18,64.75,70.3125,87.4375,71.1875,-21.4609375,-15.7890625,-11.51171875,-16.13671875
1.60259622229107e+18,67.1875,72.6875,90.375,73.3125,-19.8125,-16.109375,-11.9765625,-16.44140625
1.60259622239107e+18,68.75,75,93.25,75.75,-19.9296875,-16.4609375,-12.2734375,-16.875
1.60259622249107e+18,71.75,77.4375,96.125,77.9375,-17.78125,-16.73046875,-12.15234375,-17.1640625
1.60259622259107e+18,74.5625,79.625,99.375,80.4375,-21.6796875,-16.9453125,-12.66015625,-17.53125
1.60259622269107e+18,73.625,82.1875,102.4375,82.8125,-19.3515625,-17.33203125,-12.94140625,-17.79296875
1.60259622279107e+18,75.9375,84.625,105.5,85.375,-19.9921875,-17.8046875,-13.01171875,-18.13671875
1.60259622289107e+18,77.6875,87.125,108.625,88,-20.44140625,-18.12109375,-13.3671875,-18.6796875
1.60259622299107e+18,80.0625,89.5625,112,90.5625,-20.98046875,-18.4609375,-13.3515625,-18.80078125
1.60259622309107e+18,83.125,92.9375,115.1875,93.1875,-22.09765625,-19.109375,-13.859375,-19.296875
1.60259622319107e+18,86.625,95.5625,118.625,95.5,-22.703125,-19.125,-14.0546875,-19.72265625
1.60259622329107e+18,87.9375,97.6875,122,98.3125,-22.34375,-19.35546875,-14.51171875,-20.14453125
1.60259622339107e+18,92.5,100.25,125.8125,101.4375,-21.24609375,-19.90234375,-14.4609375,-20.51171875
1.60259622349107e+18,95.3125,103.25,129.3125,104.375,-21.96484375,-20.25390625,-14.77734375,-20.68359375
1.60259622359107e+18,99.375,106.25,133,107.3125,-23.48046875,-20.51953125,-15.11328125,-21.15234375
1.60259622369107e+18,101.4375,109.0625,136.3125,110.125,-23.5078125,-20.953125,-15.28125,-21.4375
1.60259622379107e+18,105.75,112.25,140.1875,113.125,-25.1796875,-21.37109375,-15.35546875,-21.90234375
1.60259622389107e+18,109.625,115.25,144.375,116.1875,-25.5859375,-21.62109375,-15.86328125,-22.015625
1.60259622399107e+18,80.25,118.375,148.25,119.3125,-25.0859375,-22.0546875,-15.80859375,-22.57421875
1.60259622409107e+18,80.9375,121.6875,152.375,122.5,-22.70703125,-22.4453125,-16.5234375,-22.7890625
1.60259622419107e+18,80.4375,124.875,156.4375,125.625,-22.78125,-22.578125,-16.359375,-23.44140625
1.60259622429107e+18,78.6875,128.0625,160.6875,128.875,-20.6015625,-23.0625,-16.88671875,-23.59765625
1.60259622439107e+18,81.6875,131.4375,164.875,132.1875,-21.5859375,-23.46875,-16.8671875,-23.95703125
1.60259622449107e+18,83.9375,134.75,169.0625,135.625,-22.1640625,-23.76171875,-17.39453125,-24.2265625
1.60259622459107e+18,83.8125,138.1875,173.3125,139.0625,-24.80078125,-24.1015625,-17.65625,-24.98046875
1.60259622469107e+18,87.3125,141.6875,177.75,142.375,-24.16015625,-24.4609375,-17.8203125,-25.171875
1.60259622479107e+18,90.25,145.1875,182.1875,145.9375,-24.72265625,-24.85546875,-17.97265625,-25.86328125
1.60259622489107e+18,93.8125,148.8125,186.8125,149.5,-25.44140625,-25.2421875,-18.171875,-26.078125
1.60259622499107e+18,97.875,152.4375,191.5,153.1875,-23.76171875,-25.55859375,-18.90625,-26.34765625
1.60259622509107e+18,102.875,156.0625,196.125,156.8125,-26.16015625,-26.01953125,-18.84375,-26.80859375
1.60259622519107e+18,118.3125,159.75,201,160.375,-27.47265625,-26.4296875,-19.28515625,-27.12109375
1.60259622529107e+18,119.875,163.5625,205.875,164.25,-27.07421875,-26.5234375,-19.36328125,-27.546875
1.60259622539107e+18,121.375,167.4375,210.9375,168.0625,-26.1015625,-27.23046875,-19.8125,-27.6796875
1.60259622549107e+18,126.9375,171.375,215.8125,172,-27.07421875,-27.4921875,-20.1796875,-28.73828125
1.60259622559107e+18,131.4375,175.4375,220,176.4375,-29.53515625,-27.84765625,-20.2421875,-28.62109375
1.60259622569107e+18,145.875,179.4375,226.0625,180.75,-27.44921875,-28.20703125,-20.640625,-29.25
1.60259622579107e+18,143.25,183.375,231.6875,184.8125,-31.296875,-28.46875,-20.96484375,-29.62890625
1.60259622589107e+18,147,187.8125,237.25,189.0625,-32.7109375,-28.83984375,-20.78125,-29.76953125
1.60259622599107e+18,151.4375,192.125,242.8125,193.25,-34.01171875,-29.1796875,-21.16015625,-30.375
1.60259622609107e+18,142.3125,196.25,248.4375,197.5625,-30.921875,-29.296875,-21.625,-30.84375
1.60259622619107e+18,143.625,200.625,254.1875,202.125,-29.3203125,-30.08203125,-21.63671875,-30.9375
1.60259622629107e+18,145.4375,205.3125,260.25,206.5,-28.01953125,-30.15625,-21.81640625,-31.1640625
1.60259622639107e+18,147.625,210.0625,266.25,211.125,-28.01953125,-30.85546875,-22.12890625,-31.44921875
1.60259622649107e+18,152.5,214.5625,272.375,215.8125,-26.12890625,-31.28515625,-22.91015625,-32.33984375
1.60259622659107e+18,158.5,219.25,278.625,220.3125,-28.96484375,-31.6875,-22.3828125,-32.296875
1.60259622669107e+18,164.125,224,285.0625,225.0625,-31.140625,-31.9921875,-23.13671875,-32.75
1.60259622679107e+18,175.3125,228.875,291.6875,229.875,-30.0546875,-32.07421875,-23.34765625,-33.08203125
1.60259622689107e+18,181.1875,233.6875,298.125,234.75,-33.4765625,-32.49609375,-23.48046875,-33.26953125
1.60259622699107e+18,183.5625,238.8125,304.75,239.625,-32.1171875,-32.94140625,-23.80859375,-33.85546875
1.60259622709107e+18,187.6875,243.6875,311.8125,244.8125,-27.515625,-33.375,-23.875,-34.39453125
1.60259622719107e+18,192.6875,248.75,318.4375,249.75,-31.9921875,-33.48828125,-24.47265625,-34.66796875
1.60259622729107e+18,195.125,253.875,325.3125,254.9375,-31.296875,-33.66015625,-24.421875,-35.3984375
1.60259622739107e+18,200.4375,258.75,332.25,260.0625,-34.5,-34.07421875,-24.78125,-35.3671875
1.60259622749107e+18,263.0625,264.125,339.0625,265.1875,-34.80859375,-34.83203125,-25.37109375,-35.3671875
1.60259622759107e+18,267.9375,269.5,345.875,270.25,-35.3984375,-34.83203125,-24.96875,-35.81640625
1.60259622769107e+18,273.4375,274.625,353.125,275.8125,-35.77734375,-35.4140625,-25.05078125,-36.49609375
1.60259622779107e+18,278.4375,280.0625,360,281.375,-36.34375,-36.03125,-25.64453125,-36.6484375
1.60259622789107e+18,243.25,285.3125,367.3125,286.75,-38.23828125,-36,-26.2421875,-36.8515625
1.60259622799107e+18,231.1875,289.4375,374.75,292,-36.72265625,-36.515625,-26.42578125,-37.71484375
1.60259622809107e+18,230.875,296.375,382,297.625,-34.26171875,-36.9453125,-26.53515625,-37.94140625
1.60259622819107e+18,233.625,302,389.3125,303.1875,-36.47265625,-36.91015625,-26.57421875,-38.12890625
1.60259622829107e+18,236.25,307.4375,396.875,308.9375,-37.66796875,-37.796875,-27.3125,-38.9140625
1.60259622839107e+18,261.5,313.1875,404.1875,314.4375,-36.875,-37.90625,-27.50390625,-39.04296875
1.60259622849107e+18,265.375,318.6875,411.8125,320.125,-39.18359375,-38.46875,-28.1640625,-39.18359375
1.60259622859107e+18,258,324.375,419.375,325.9375,-38.8046875,-38.96875,-27.97265625,-39.625
1.60259622869107e+18,272,330.25,427.0625,331.5625,-38.9921875,-39.109375,-28.3359375,-40.31640625
1.60259622879107e+18,273.5,336.125,434.6875,337.625,-40.37890625,-39.55859375,-28.61328125,-40.86328125
1.60259622889107e+18,278.25,342.125,442.375,343.5625,-37.3515625,-40.09375,-28.96484375,-40.9609375
1.60259622899107e+18,285.5,348,450.1875,349.4375,-39.55859375,-40.6015625,-29.0625,-41.265625
1.60259622909107e+18,289.25,354.0625,458.125,355.5,-41.19921875,-40.6484375,-29.55859375,-42.01953125
1.60259622919107e+18,357,360,466,361.625,-42.2109375,-41.07421875,-30.453125,-42.625
1.60259622929107e+18,362.9375,366.25,474.0625,367.6875,-42.1484375,-41.40625,-29.9765625,-42.71484375
1.60259622939107e+18,368.875,372.5,481.6875,373.8125,-42.2734375,-41.453125,-30.57421875,-42.77734375
1.60259622949107e+18,375,378.625,490.5,380.1875,-42.640625,-42.1640625,-30.4765625,-43.34375
1.60259622959107e+18,381.0625,385,498.8125,386.3125,-43,-42.640625,-31.109375,-43.53515625
1.60259622969107e+18,387.375,391.3125,506.8125,392.625,-43.515625,-42.96484375,-32.27734375,-44.03125
1.60259622979107e+18,393.5625,397.875,515.125,398.4375,-43.34375,-42.96484375,-31.42578125,-44.29296875
1.60259622989107e+18,400.0625,404.1875,523.625,405.25,-44.1015625,-43.609375,-31.8515625,-44.48046875
1.60259622999107e+18,406.5625,410.9375,532.125,411.625,-44.35546875,-43.78515625,-32.5625,-44.859375
1.60259623009107e+18,413.1875,417.375,540.75,418.1875,-44.578125,-44.60546875,-32.609375,-44.7265625
1.60259623019107e+18,419.8125,424.125,549.625,424.6875,-44.38671875,-44.48046875,-33.12890625,-45.046875
1.60259623029107e+18,426.375,430.875,558.6875,431.4375,-44.859375,-44.73828125,-33.40234375,-45.22265625
1.60259623039107e+18,433.0625,437.6875,567.5625,436.75,-44.921875,-44.48046875,-33.50390625,-45.37890625
1.60259623049107e+18,440,444.625,576.875,444.8125,-45.19140625,-44.859375,-34.2421875,-45.51953125
1.60259623059107e+18,447,451.625,586.1875,451.4375,-45.125,-45.046875,-34.26171875,-45.33203125
1.60259623069107e+18,453.9375,457.9375,595.3125,458.8125,-45.46484375,-45.36328125,-34.40625,-45.23828125
1.60259623079107e+18,461.1875,465.75,605,461.9375,-45.42578125,-45.23828125,-35.01953125,-45.50390625
1.60259623089107e+18,468.1875,472.875,614.625,472.5,-45.4765625,-45.1015625,-35.2109375,-45.42578125
1.60259623099107e+18,475.375,480.125,624.25,479.8125,-45.42578125,-45.30078125,-36.15625,28.8359375
1.60259623109107e+18,482.4375,487.375,634.1875,486.875,-45.42578125,-45.51953125,-35.58984375,28.7421875
1.60259623119107e+18,489.9375,494.4375,643.875,493.9375,-45.61328125,-45.42578125,-36.34375,27.0390625
1.60259623129107e+18,497.25,502.1875,654,501.5,0,-45.42578125,-37.0390625,26.09375
1.60259623139107e+18,504.5,509.75,664,508.8125,0,-45.61328125,-36.76171875,27.2265625
1.60259623149107e+18,512.1875,517.25,674.1875,516.3125,0,27.51171875,-37.51171875,26.8515625
1.60259623159107e+18,519.625,524.875,684.5,524.1875,0,27.2265625,-37.78125,28.5546875
1.60259623169107e+18,527.25,532.625,695,531.5,0,28.7421875,-38.046875,28.30078125
1.60259623179107e+18,534.9375,540.5,705.5,539.375,0,28.8359375,-38.109375,26.51953125
1.60259623189107e+18,542.5625,548.4375,716.0625,547.1875,28.85546875,26.28515625,-38.8046875,25.71484375
1.60259623199107e+18,550.625,556.1875,726.5625,554.8125,0,25.90625,-39.01953125,27.2265625
1.60259623209107e+18,558.25,564.0625,737.6875,562.6875,28.5546875,28.17578125,-39.05859375,25.71484375
1.60259623219107e+18,565.875,572.375,748.4375,570.6875,0,27.2265625,-38.9921875,25.80859375
1.60259623229107e+18,574.125,580.3125,759.3125,578.6875,0,26.9453125,-40.5078125,26.28515625
1.60259623239107e+18,582.3125,588.5,770.5625,585.5,0,27.921875,-40.5703125,27.41796875
1.60259623249107e+18,590.25,596.625,781.625,595.0625,0,26.6640625,-40.86328125,28.5546875
1.60259623259107e+18,598,605.0625,792.5,602.875,0,28.875,-41.578125,28.85546875
1.60259623269107e+18,606.375,613.375,804.125,611.25,0,28.8359375,-41.07421875,28.61328125
1.60259623279107e+18,614.3125,621.8125,815.4375,619.4375,0,27.35546875,-41.07421875,28.85546875
1.60259623289107e+18,623.25,630.1875,826.8125,627.8125,0,27.390625,-41.328125,28.8359375
1.60259623299107e+18,631.5625,638.4375,838.375,636.375,0,27.35546875,-42.96484375,27.35546875
1.60259623309107e+18,639.9375,647.125,849.8125,644.75,0,28.85546875,-43.015625,28.86328125
1.60259623319107e+18,648.3125,655.75,861.4375,653.4375,0,28.86328125,-42.68359375,28.7890625
1.60259623329107e+18,656.75,664.75,873.375,662.125,0,28.86328125,-42.65234375,28.8359375
1.60259623339107e+18,665.25,673.3125,885.0625,670.5625,0,27.32421875,-43.53515625,28.85546875
1.60259623349107e+18,673.875,682.0625,896.875,679.4375,0,27.41796875,-43.44140625,27.984375
1.60259623359107e+18,682.4375,690.9375,908.8125,688.0625,0,28.078125,-43.9140625,28.36328125
1.60259623369107e+18,691.375,699.75,920.875,696.625,0,28.6484375,-44.1015625,28.36328125
1.60259623379107e+18,699.875,708.625,932.8125,705.6875,0,26.8515625,-43.9765625,28.61328125
1.60259623389107e+18,708.8125,717.75,944.8125,714.75,0,26.6640625,-43.9140625,28.7421875
1.60259623399107e+18,717.75,726.875,957.0625,723.625,0,28.5546875,-44.29296875,27.41796875
1.60259623409107e+18,726.5,736,969.8125,732.5,0,27.60546875,-44.859375,28.45703125
1.60259623419107e+18,735.9375,745.4375,982.4375,741.875,0,28.7421875,-44.671875,28.5546875
1.60259623429107e+18,745.125,754.75,995.625,750.875,0,26.21875,-45.046875,28.84375
1.60259623439107e+18,754.875,764.375,1008.75,760.0625,0,26.9765625,-44.921875,25.52734375
1.60259623449107e+18,764.1875,774.0625,1022.125,769.5625,0,26.8515625,-44.859375,27.2265625
1.60259623459107e+18,773.9375,783.8125,1035.4375,778.75,0,26.6640625,-45.046875,27.0390625
1.60259623469107e+18,783.75,793.5625,1048.5625,788.375,0,26.78515625,-45.046875,26.37890625
1.60259623479107e+18,793.3125,803.375,1062.5,797.875,0,28.86328125,-44.671875,28.5546875
1.60259623489107e+18,803.125,813.3125,1076.3125,807.0625,0,26.8515625,28.6484375,26.47265625
1.60259623499107e+18,812.875,823.25,1089.75,816.6875,0,27.796875,27.984375,28.4921875
1.60259623509107e+18,822.875,833.25,1103.375,826.4375,0,0,0,0
1.60259623519107e+18,832.6875,843.375,1117.1875,835.9375,0,0,0,0
1.60259623529107e+18,843.1875,853.5625,1131.4375,845.625,0,0,0,0
1.60259623539107e+18,853.375,863.6875,1145.375,855.375,0,0,0,0
1.60259623549107e+18,863.625,873.875,1160.0625,865,0,0,0,0
1.60259623559107e+18,873.8125,884,1173.875,875.0625,0,0,0,0
1.60259623569107e+18,884.4375,894.625,1188.9375,885.125,0,0,0,0
1.60259623579107e+18,894.625,905.25,1203.0625,895.3125,0,0,0,0
1.60259623589107e+18,904.75,915.25,1217.5625,905.4375,0,0,0,0
1.60259623599107e+18,915.4375,926.125,1232.625,915.8125,0,0,0,0
1.60259623609107e+18,925.9375,936.875,1247.0625,925.9375,0,0,0,0
1.60259623619107e+18,936.3125,947.5,1261.5625,936.375,0,0,0,0
1.60259623629107e+18,946.6875,958,1275.8125,946.5,0,0,0,0
1.60259623639107e+18,957,968.5625,1290.375,957.1875,0,0,0,0
1.60259623649107e+18,967.3125,979.3125,1304.6875,967.875,0,0,0,0
1.60259623659107e+18,977.75,990.1875,1319.6875,978.875,0,0,0,0
1.60259623669107e+18,988.1875,1001.1875,1335.0625,990,0,-0,0,0
1.60259623679107e+18,998.5625,1012.375,1350.9375,1001.5,0,0,0,0
1.60259623689107e+18,1009.125,1023.75,1366.625,1013,-0,-0,0,-0
1.60259623699107e+18,1020.0625,1035.875,1383.625,1025.0625,-0,-0,0,-0
1.60259623709107e+18,1031.0625,1047.9375,1401.375,1037.3125,-0,-0,0,0
1.60259623719107e+18,1042,1060.1875,1419.625,1050,-0,-0,0,-0
1.60259623729107e+18,1053.125,1072.5,1437.875,1062.5,-0,-0,0,0
1.60259623739107e+18,1064.375,1085.125,1455.1875,1075.3125,-0,-0,0,0
1.60259623749107e+18,1075.75,1097.625,1474.375,1088.125,-0,-0,0,-0
1.60259623759107e+18,1086.9375,1110.1875,1492.5,1100.6875,0,-0,0,-0
1.60259623769107e+18,1098.5,1122.8125,1510.8125,1113.625,-0,-0,0,-0
1.60259623779107e+18,1109.6875,1135.4375,1529.125,1126.25,-0,-0,0,0
1.60259623789107e+18,1121.4375,1147.8125,1547.5,1139,-0,-0,0,-0
1.60259623799107e+18,1132.4375,1160.6875,1564.8125,1152.125,-0,-0,0,0
1.60259623809107e+18,1144.0625,1173.1875,1583,1165.125,-0,-0,0,-0
1.60259623819107e+18,1155.6875,1185.8125,1598.9375,1177.875,-0,-0,0,-0
1.60259623829107e+18,1167.3125,1198.625,1614.75,1191.0625,-0,-0,0,-0
1.60259623839107e+18,1178.9375,1211.375,1630.6875,1204,-0,-0,0,0
1.60259623849107e+18,1189.9375,1224.0625,1645.875,1217.125,0,-0,0,-0
1.60259623859107e+18,1202.1875,1236.625,1661.5625,1229.875,-0,-0,0,0
1.60259623869107e+18,1213.6875,1249.1875,1681.8125,1243,-0,-0,0,-0
1.60259623879107e+18,1225.125,1261.6875,1699.5625,1255.5,-0,-0,0,-0
1.60259623889107e+18,1236.875,1274,1717.3125,1268.375,-0,-0,0,-0
1.60259623899107e+18,1248.4375,1286.5625,1734.875,1281.125,-0,-0,0,-0
1.60259623909107e+18,1259.75,1298.5,1751.75,1293.75,-0,-0,0,-0
1.60259623919107e+18,1271.5,1310.9375,1770,1306.5625,-0,-0,0,0
1.60259623929107e+18,1282.875,1322.9375,1787.375,1319.125,-0,-0,0,-0
1.60259623939107e+18,1294.25,1334.9375,1803.125,1331.75,-0,-0,0,-0
1.60259623949107e+18,1305.6875,1347,1820.4375,1344.375,-0,-0,0,0
1.60259623959107e+18,1317.25,1359.0625,1837.3125,1356.8125,-0,-0,0,0
1.60259623969107e+18,1328.5,1371.25,1854.6875,1369.6875,-0,-0,0,-0
1.60259623979107e+18,1340.0625,1383.6875,1871.5,1382.5625,-0,-0,0,0
1.60259623989107e+18,1351.875,1395.875,1888.375,1395.75,-0,-0,0,0
1.60259623999107e+18,1363.375,1408.125,1903.75,1408.5625,-0,-0,0,0
1.60259624009107e+18,1374.8125,1420.375,1920.625,1421.625,0,-0,0,0
1.60259624019107e+18,1386.5,1432.6875,1936.125,1434.375,-0,-0,0,0
1.60259624029107e+18,1398.1875,1444.9375,1952.375,1447.625,-0,-0,0,0
1.60259624039107e+18,1409.75,1457.1875,1968.3125,1460.75,-0,-0,0,0
1.60259624049107e+18,1421.5625,1469.8125,1983.75,1473.9375,-0,-0,0,-0
1.60259624059107e+18,1433.1875,1481.875,1999.3125,1487.125,-0,-0,0,-0
1.60259624069107e+18,1444.875,1494.4375,2014.75,1500.375,0,-0,0,0
1.60259624079107e+18,1456.5,1506.75,2030.5625,1513.5625,-0,-0,0,0
1.60259624089107e+18,1468.375,1519,2046.25,1526.6875,-0,-0,0,0
1.60259624099107e+18,1480.1875,1531.75,2062.1875,1540.3125,-0,-0,0,0
1.60259624109107e+18,1492.375,1544.4375,2077.0625,1553.5625,-0,-0,0,0
1.60259624119107e+18,1504.4375,1557.3125,2094.4375,1567.5625,-0,-0,0,0
1.60259624129107e+18,1516.6875,1570.125,2110.6875,1580.5,0,-0,0,0
1.60259624139107e+18,1528.875,1583.25,2127.875,1594.9375,0,-0,0,0
1.60259624149107e+18,1541.0625,1596.375,2145.4375,1608.875,0,-0,0,0
1.60259624159107e+18,1553.5625,1609.25,2162.4375,1623,-0,-0,0,0
1.60259624169107e+18,1565.75,1622.3125,2179.25,1636.375,-0,-0,0,0
1.60259624179107e+18,1578.3125,1635.6875,2196.875,1650.9375,-0,-0,0,0
1.60259624189107e+18,1590.75,1649.125,2214.8125,1664.875,-0,-0,0,0
1.60259624199107e+18,1603.3125,1662.6875,2233.0625,1679.0625,0,-0,0,0
1.60259624209107e+18,1616,1676.1875,2251.25,1693.8125,-0,-0,0,0
1.60259624219107e+18,1628.8125,1689.9375,2269.4375,1708.875,0,-0,0,0
1.60259624229107e+18,1641.8125,1703.875,2288.3125,1723,-0,-0,0,-0
1.60259624239107e+18,1654.5625,1717.5,2307.125,1738.125,-0,-0,0,0
1.60259624249107e+18,1667.5625,1731.1875,2325.375,1752.8125,-0,-0,0,0
1.60259624259107e+18,1680.375,1745,2342.125,1767.3125,-0,-0,0,0
1.60259624269107e+18,1693.3125,1758.5625,2360.125,1781.9375,0,-0,0,0
1.60259624279107e+18,1706.4375,1772.3125,2377.3125,1795.9375,0,-0,0,0
1.60259624289107e+18,1719.625,1785.625,2394.4375,1810.25,0,-0,0,0
1.60259624299107e+18,1732.4375,1799.25,2411.5625,1824.5,0,-0,0,0
1.60259624309107e+18,1745.5625,1812.5,2427.5625,1838.25,0,-0,0,0
1.60259624319107e+18,1758.75,1825.4375,2443.125,1852.375,0,-0,0,0
1.60259624329107e+18,1771.9375,1838.875,2458.25,1866.5625,-0,-0,0,0
1.60259624339107e+18,1785.0625,1852,2474.1875,1879.375,-0,0,0,-0
1.60259624349107e+18,1798.3125,1865.1875,2489.375,1893.25,0,-0,0,0
1.60259624359107e+18,1811.75,1878.5,2505.25,1907,0,-0,0,0
1.60259624369107e+18,1824.9375,1891.625,2520.8125,1920.625,0,-0,0,0
1.60259624379107e+18,1838.75,1905.125,2536.5625,1934.4375,0,-0,0,0
1.60259624389107e+18,1852.25,1918.5,2552.75,1948.3125,0,-0,0,0
1.60259624399107e+18,1866.0625,1932,2568.8125,1962.5625,0,0,-0,0
1.60259624409107e+18,1879.9375,1945.6875,2584.5625,1975.875,0,0,0,0
1.60259624419107e+18,1893.75,1959.3125,2601.375,1990,0,-0,0,0
1.60259624429107e+18,1908.125,1973.4375,2618.25,2004.4375,0,-0,0,0
1.60259624439107e+18,1922.3125,1987.375,2635.5,2018.25,0,-0,0,0
1.60259624449107e+18,1936.75,2000.8125,2652.3125,2032.3125,0,-0,0,0
1.60259624459107e+18,1950.9375,2014.8125,2669.0625,2046.0625,0,-0,0,0
1.60259624469107e+18,1965.375,2028.6875,2685.8125,2060.3125,0,0,0,0
1.60259624479107e+18,1979.9375,2042.75,2703,2074.4375,0,0,0,0
1.60259624489107e+18,1994.4375,2056.9375,2720.9375,2088.875,0,0,0,0
1.60259624499107e+18,2008.9375,2071.375,2738.0625,2103.625,0,0,0,0
1.60259624509107e+18,2024.0625,2085.875,2756.75,2118.1875,0,0,0,0
1.60259624519107e+18,2039.4375,2100.8125,2774.875,2133.0625,0,-0,0,0
1.60259624529107e+18,2054.625,2115.9375,2793.375,2147.625,0,0,0,0
1.60259624539107e+18,2070.0625,2130.875,2813.1875,2162.9375,0,0,0,0
1.60259624549107e+18,2085.5625,2146.1875,2832.5625,2178,0,0,0,0
1.60259624559107e+18,2100.9375,2161.75,2851.75,2193.0625,0,0,0,0
1.60259624569107e+18,2116.75,2176.875,2871.6875,2208.75,0,0,0,0
1.60259624579107e+18,2132.5,2192.625,2893.125,2224.375,0,0,0,0
1.60259624589107e+18,2148.375,2208.75,2913.5625,2240.0625,0,-0,0,0
1.60259624599107e+18,2164.1875,2224.8125,2935,2255.875,0,0,0,0
1.60259624609107e+18,2180.375,2240.75,2956.5625,2271.875,0,0,0,0
1.60259624619107e+18,2196.5,2257.25,2977,2288.0625,0,0,0,0
1.60259624629107e+18,2212.625,2273.375,2998.6875,2304.5,0,0,0,0
1.60259624639107e+18,2228.6875,2289.5625,3019.125,2320.6875,0,0,0,0
1.60259624649107e+18,2245.0625,2306.5625,3041.0625,2337.5625,0,0,0,0
1.60259624659107e+18,2260.375,2323.3125,3063.6875,2353.75,0,0,0,0
1.60259624669107e+18,2278.125,2339.25,3085.125,2370.3125,0,0,0,0
1.60259624679107e+18,2295,2356.125,3106.8125,2386.6875,0,0,0,0
1.60259624689107e+18,2311.4375,2373,3130,2403.4375,0,0,0,0
1.60259624699107e+18,2328.25,2390.5,3152.4375,2420.1875,0,0,0,0
1.60259624709107e+18,2345.0625,2407.25,3175,2436.5625,0,0,0,0
1.60259624719107e+18,2361.625,2424.5,3198.5,2453.75,0,0,0,0
1.60259624729107e+18,2379,2442.0625,3221.375,2471.0625,0,0,0,0
1.60259624739107e+18,2396.25,2459.25,3244.0625,2488.25,0,0,0,0
1.60259624749107e+18,2413.25,2476.8125,3267.9375,2506,0,0,0,0
1.60259624759107e+18,2430.875,2493.75,3290.0625,2523.875,0,0,0,0
1.60259624769107e+18,2448,2511.75,3313.375,2541.5625,0,0,0,0
1.60259624779107e+18,2465.3125,2528.625,3340,2560.25,0,0,0,0
1.60259624789107e+18,2483.125,2546,3365.1875,2578.375,0,0,0,0
1.60259624799107e+18,2500.8125,2563.625,3391.1875,2596.75,0,0,0,0
1.60259624809107e+18,2518.8125,2581.25,2828.6875,2615.4375,0,0,0,0
1.60259624819107e+18,2536.5625,2598.125,2213.25,2633.4375,0,0,0,0
1.60259624829107e+18,2554.4375,2614.375,1294.6875,2652.25,0,0,0,0
1.60259624839107e+18,2572.0625,2631.9375,1038.625,2670,0,0,-0,0
1.60259624849107e+18,2590.375,2649.8125,23.25,2689.125,0,0,0,0
1.60259624859107e+18,2608.375,2668.625,23.4375,2707.75,0,0,0,0
1.60259624869107e+18,2626.4375,2686.1875,23.125,2725.4375,0,0,0,0
1.60259624879107e+18,2644.4375,2703.0625,23.1875,2743.5,0,0,0,0
1.60259624889107e+18,2662.1875,2726.125,23.125,2761.25,0,0,0,0
1.60259624899107e+18,2680.1875,2744.6875,23.5625,2779.125,0,0,0,0
1.60259624909107e+18,2697.875,2762.25,23.25,2796.8125,0,0,0,0
1.60259624919107e+18,2715.6875,2781.25,5527.3125,2814.875,0,0,0,0
1.60259624929107e+18,2734,2799.625,4555.625,2833.3125,0,0,0,0
1.60259624939107e+18,2751.8125,2818.3125,3730.625,2145.6875,0,0,0,0
1.60259624949107e+18,2770.75,2838.125,3754.8125,1550.125,0,0,0,0
1.60259624959107e+18,2788.6875,2857.375,3780.125,1156.6875,0,0,0,0
1.60259624969107e+18,2807.625,2876.125,3299.875,44.6875,0,0,0,0
1.60259624979107e+18,2826.125,2896.125,3039.625,5384.3125,0,0,0,0
1.60259624989107e+18,2844.375,2915.8125,2371.6875,4593.625,0,0,0,0
1.60259624999107e+18,2862,2934.9375,1714.9375,4266.3125,0,0,0,0
1.60259625009107e+18,2879.9375,2954.3125,890.625,3084.625,0,0,0,0
1.60259625019107e+18,2897.5625,2973.625,23,3000.125,0,0,0,0
1.60259625029107e+18,2915.3125,2993.0625,23.25,3019.3125,0,0,0,0
1.60259625039107e+18,2932.75,3012.375,23.4375,3038.125,0,0,0,0
1.60259625049107e+18,2952.5,3032.4375,23.5625,3057.3125,0,0,0,0
1.60259625059107e+18,2972.125,3052.1875,23.0625,3076.125,0,0,-0,0
1.60259625069107e+18,2991.75,3071.8125,23.5625,3096,0,0,0,0
1.60259625079107e+18,3010.75,3091.3125,24.3125,2671.25,0,0,0,0
1.60259625089107e+18,3028.75,3111.875,23.5625,2380.125,0,0,0,0
1.60259625099107e+18,3048.0625,3131.4375,23.75,1462.0625,0,0,0,0
1.60259625109107e+18,3071.75,3151.1875,23,795.75,0,0,0,0
1.60259625119107e+18,3091.375,3171.125,23.4375,27,0,0,0,0
1.60259625129107e+18,3111.0625,3189.75,23.0625,50.625,0,0,0,0
1.60259625139107e+18,3131.4375,3209.375,23.4375,23.1875,0,0,0,0
1.60259625149107e+18,3151.4375,3229.1875,23.3125,48.75,0,0,0,0
1.60259625159107e+18,3170.875,3248.375,23.5625,5503.5,0,0,0,0
1.60259625169107e+18,3189.0625,3267.75,23.125,4694.75,0,0,0,0
1.60259625179107e+18,3208.1875,3286.875,23.125,4300.5,0,0,0,0
1.60259625189107e+18,3228.25,3306.6875,26.5625,3329.5,0,0,0,0
1.60259625199107e+18,3247.875,3325.1875,22.9375,3348.625,0,0,0,0
1.60259625209107e+18,3267.75,3344.6875,23.0625,3367.875,0,0,0,0
1.60259625219107e+18,3289.8125,3364.0625,24.5625,3387.3125,0,0,0,0
1.60259625229107e+18,3310,3384.1875,23.625,3405.5,0,0,0,0
1.60259625239107e+18,3330.25,3403.5,23.375,3425.25,0,0,0,0
1.60259625249107e+18,3349.875,3423.875,23.0625,2701.9375,0,0,0,0
1.60259625259107e+18,3369.9375,3443.1875,23.1875,2407.1875,0,0,0,0
1.60259625269107e+18,3390.0625,3463.8125,23.4375,1762.9375,0,0,0,0
1.60259625279107e+18,0,3483.75,23.5,1168.6875,0,0,0,0
1.60259625289107e+18,0,3504.875,23.1875,42.1875,0,0,0,0
1.60259625299107e+18,0,3524.4375,23.0625,40.5625,0,0,0,0
1.60259625309107e+18,0,3545.6875,23.125,24.5,0,0,0,0
1.60259625319107e+18,0,3566.1875,23,23.375,0,0,0,0
1.60259625329107e+18,0,3587.6875,22.875,47,0,0,0,0
1.60259625339107e+18,0,3607.1875,23.4375,4976.25,0,0,0,0
1.60259625349107e+18,0,3628,23,4569.5625,0,0,0,0
1.60259625359107e+18,0,3649.25,24.5625,4018.5,0,0,0,0
1.60259625369107e+18,3614.125,3639.5,5067.5625,3392.8125,0,0,0,0
1.60259625379107e+18,3637.5,3690.6875,4812.5625,2595.375,0,0,0,0
1.60259625389107e+18,0,2542.75,4837,1987.5625,0,0,0,0
1.60259625399107e+18,0,2311.1875,4861.5,1695.6875,0,0,0,0
1.60259625409107e+18,0,1620.4375,4885.6875,665.875,0,0,0,0
1.60259625419107e+18,0,1138.0625,4909.3125,24.3125,0,0,0,0
1.60259625429107e+18,0,25.25,4933.875,25.25,0,0,0,0
1.60259625439107e+18,0,23.25,4956.5625,23.25,0,0,0,0
1.60259625449107e+18,0,23.1875,4978.8125,25.3125,0,0,0,0
1.60259625459107e+18,0,27.25,4729.375,31.125,0,-0,0,0
1.60259625469107e+18,0,23.1875,4086.1875,23,0,0,0,0
1.60259625479107e+18,0,25.625,3257.1875,49.4375,0,0,0,0
1.60259625489107e+18,0,23.25,2627.4375,5520.3125,0,-0,0,0
1.60259625499107e+18,0,23.3125,2079.8125,4407.1875,0,0,0,0
1.60259625509107e+18,0,23.375,1541.125,3955.8125,0,0,0,0
1.60259625519107e+18,0,23.5,993,3640.875,0,-0,0,0
1.60259625529107e+18,0,47.125,23.125,3042.75,0,-0,0,0
1.60259625539107e+18,24.625,23.375,23,2376.5,0,-0,0,0
1.60259625549107e+18,0,23.375,23,1650.3125,0,0,0,0
1.60259625559107e+18,0,23.375,23,918.1875,0,-0,0,0
1.60259625569107e+18,0,23.375,23.125,25.25,0,0,-0,0
1.60259625579107e+18,0,23.4375,23.375,35.25,0,0,0,0
1.60259625589107e+18,0,23.375,24,24.75,0,0,0,0
1.60259625599107e+18,0,26.5,23.5,57.0625,0,-0,0,0
1.60259625609107e+18,0,23.5,23.625,23.9375,0,0,0,0
1.60259625619107e+18,0,23.25,24,31,0,-0,-0,0
1.60259625629107e+18,0,23.8125,24.875,23.0625,0,-0,0,0
1.60259625639107e+18,0,23.25,23.1875,24,0,0,0,0
1.60259625649107e+18,0,23.375,23.0625,23.9375,0,0,0,0
1.60259625659107e+18,0,23.1875,23,47.625,0,0,0,0
1.60259625669107e+18,0,23.375,23,23.125,0,0,0,0
1.60259625679107e+18,0,23.25,23.125,580.8125,0,0,0,0
1.60259625689107e+18,0,23.5625,23.25,4984.5,0,0,0,0
1.60259625699107e+18,0,23.375,27.1875,4475.0625,0,0,0,0
1.60259625709107e+18,0,23.625,23,4015.875,0,0,0,0
1.60259625719107e+18,0,23.625,23.0625,3313.625,0,0,0,0
1.60259625729107e+18,0,23.625,23.9375,2953.3125,0,0,0,0
1.60259625739107e+18,0,23.1875,26.25,2074.3125,0,0,0,0
1.60259625749107e+18,0,23.25,5204.5625,1568.1875,0,0,0,0
1.60259625759107e+18,0,23.1875,4587.4375,686.25,0,0,0,0
1.60259625769107e+18,0,23.25,4213.0625,23.625,0,0,0,0
1.60259625779107e+18,0,23.4375,3493.625,33.8125,0,0,0,0
1.60259625789107e+18,0,23.1875,2714.3125,25.375,0,0,0,0
1.60259625799107e+18,0,23.25,1893.375,29.5,0,0,0,0
1.60259625809107e+18,0,23.5625,1345.125,29,0,-0,0,0
1.60259625819107e+18,0,26.3125,1023.8125,27.1875,0,0,-0,0
1.60259625829107e+18,0,23.25,23.375,24.375,0,0,0,0
1.60259625839107e+18,0,23.25,23.0625,24.75,0,0,0,0
1.60259625849107e+18,0,23.25,23,36.375,0,-0,-0,0
1.60259625859107e+18,0,23.25,23.0625,50.125,0,0,0,0
1.60259625869107e+18,0,23.375,23.4375,32.625,0,-0,0,0
1.60259625879107e+18,0,23.625,23.125,35.625,0,0,0,0
1.60259625889107e+18,0,23.5625,23.875,23.1875,0,-0,0,0
1.60259625899107e+18,0,23.6875,42.8125,23.875,0,-0,0,0
1.60259625909107e+18,0,23.5625,24.9375,23.625,0,0,0,0
1.60259625919107e+18,0,23.625,23.5625,44.5,0,0,0,0
1.60259625929107e+18,0,23.375,53.3125,27.9375,0,0,0,0
1.60259625939107e+18,0,23.3125,23.5,26.5625,0,0,0,0
1.60259625949107e+18,0,23.375,26.0625,25.0625,0,0,0,0
1.60259625959107e+18,0,26.5625,23.0625,5407.4375,0,0,0,0
1.60259625969107e+18,0,23.4375,23.3125,4634.625,0,0,0,0
1.60259625979107e+18,0,23.625,23.25,4060.75,0,0,0,0
1.60259625989107e+18,0,23.5625,25.25,3533.6875,0,-0,0,0
1.60259625999107e+18,0,26.1875,5314.4375,2675.0625,0,0,0,0
1.60259663009107e+18,0,23.4375,25.375,30.8125,0,-44.859375,28.5546875,-45.42578125
1.60259663019107e+18,0,23.5625,5505.1875,23,27.84375,-45.33203125,23.94921875,-45.23828125
1.60259663029107e+18,0,23.375,4606.4375,54.25,0,26.6640625,28.84375,-45.11328125
1.60259663039107e+18,0,23.75,4233.375,23.375,0,-44.921875,26.6640625,-45.17578125
1.60259663049107e+18,0,24.6875,3125.375,37.5,0,-45,28.7421875,-45.42578125
1.60259663059107e+18,0,23.625,2827.1875,23.0625,0,-44.671875,28.17578125,-44.859375
1.60259663069107e+18,0,23.75,2187.4375,25.75,0,27.38671875,25.52734375,-45.42578125
1.60259663079107e+18,0,23.625,1554.625,24.1875,0,-45.42578125,28.875,25.3984375
1.60259663089107e+18,0,23.3125,1138.25,5068,0,-44.859375,28.85546875,24.203125
1.60259663099107e+18,0,23.5,37.125,4596.9375,0,-45.11328125,28.859375,28.7421875
1.60259663109107e+18,0,23.375,5421.25,3999.5625,0,-45.046875,28.5546875,27.796875
1.60259663119107e+18,0,23.5,4339.125,3431.75,0,26.28515625,28.42578125,25.52734375
1.60259663129107e+18,0,23.375,4225.6875,2653,0,26.09375,28.875,28.7421875
1.60259663139107e+18,0,23.375,3681.8125,2443.5,0,-44.328125,26.47265625,25.90625
1.60259663149107e+18,0,23.625,2850.0625,1347.5,0,-45.23828125,28.45703125,27.60546875
1.60259663159107e+18,0,23.375,2188.0625,1129.3125,0,-45.42578125,27.2265625,-45.046875
1.60259663169107e+18,0,23.375,1750.625,28.8125,0,-44.765625,25.71484375,25.57421875
1.60259663179107e+18,0,23.6875,731.1875,4984.125,0,-45.046875,28.5546875,28.45703125
1.60259663189107e+18,0,23.25,24.3125,4841,0,28.875,28.7421875,28.61328125
1.60259663199107e+18,0,23.1875,317.25,3775.75,0,-45.046875,26.47265625,28.7421875
1.60259663209107e+18,0,23.375,5132.875,3686.75,0,-45.11328125,26.8515625,28.36328125
1.60259663219107e+18,0,23.6875,4479.9375,2881.4375,0,-44.859375,25.52734375,25.71484375
1.60259663229107e+18,0,23.25,4062,2394.9375,0,-45.23828125,28.875,28.7890625
1.60259663239107e+18,0,23.3125,3370.5625,1408.8125,0,-43.9140625,27.0390625,26.7578125
1.60259663249107e+18,0,23.3125,2632.5,1129.75,0,-43.78515625,28.7421875,-45.46484375
1.60259663259107e+18,0,23.5625,1852.1875,24.8125,0,-45.046875,27.0390625,-45.30078125
1.60259663269107e+18,0,23.375,1849.9375,23.125,0,27.2265625,26.8515625,-45.23828125
1.60259663279107e+18,0,23.5,1103.3125,49.875,0,-44.54296875,27.0390625,-45.11328125
1.60259663289107e+18,0,23.625,23.0625,22.9375,0,-44.671875,28.84375,-45.23828125
1.60259663299107e+18,0,23.625,5401.5,34.375,0,-44.578125,28.7421875,-45.42578125
1.60259663309107e+18,0,23.5625,4888.8125,24.875,0,25.90625,28.84765625,-45.42578125
1.60259663319107e+18,0,23.6875,4183.375,23,0,-44.35546875,25.62109375,-44.859375
1.60259663329107e+18,0,25.4375,3548.125,36.5,0,27.0390625,28.7421875,-45.51953125
1.60259663339107e+18,1657.1875,23.4375,2838,40.9375,0,-45.23828125,27.796875,-45.61328125
1.60259663349107e+18,0,23.4375,2131,27,0,-44.29296875,28.84765625,-45.42578125
1.60259663359107e+18,0,23.3125,1446,34.375,0,28.875,26.6640625,-44.859375
1.60259663369107e+18,0,23.5625,1141.1875,23.4375,0,28.8828125,26.37890625,-44.671875
1.60259663379107e+18,0,24.75,29.625,43.875,0,26.6640625,27.41796875,-45.23828125
1.60259663389107e+18,0,23.3125,5274.9375,24.1875,0,-45.61328125,26.51953125,-45.42578125
1.60259663399107e+18,0,23.375,4811.8125,51.5625,0,-44.953125,26.09375,26.47265625
1.60259663409107e+18,0,23.375,3735.25,5046.8125,0,28.86328125,27.27734375,26.09375
1.60259663419107e+18,0,23.375,3332.25,4512.25,0,-45.046875,26.70703125,25.65234375
1.60259663429107e+18,0,23.5625,2902.8125,3722,0,-45.33203125,26.6640625,28.85546875
1.60259663439107e+18,0,23.5625,1917.875,3174.4375,0,-45.33203125,27.35546875,28.5546875
1.60259663449107e+18,0,24.125,1652.8125,2861.5625,0,-45.30078125,26.1875,28.84765625
1.60259663459107e+18,23.4375,23.6875,1214.875,2124.0625,0,-45.23828125,28.26953125,25.71484375
1.60259663469107e+18,0,23.375,27.9375,1459.25,0,-44.921875,28.85546875,26.8515625
1.60259663479107e+18,0,23.375,5040.75,776.125,0,-43.9140625,28.36328125,-45.42578125
1.60259663489107e+18,0,23.375,4332.375,28.25,0,-45.046875,22.97265625,-45.23828125
1.60259663499107e+18,0,23.375,4264.375,24.1875,0,-45.42578125,28.84765625,-45.42578125
1.60259663509107e+18,0,23.625,3328.75,23.5625,0,-43.9140625,28.36328125,-45.42578125
1.60259663519107e+18,0,23.625,2522.0625,28.8125,0,-45.046875,26.09375,-45.33203125
1.60259663529107e+18,0,23.375,2303.375,24,0,26.78515625,28.8515625,-45.42578125
1.60259663539107e+18,1263.125,23.3125,1674.4375,25.875,0,-45.23828125,25.71484375,-45.61328125
1.60259663549107e+18,1243.8125,23.625,1648.6875,23.0625,0,26.6640625,27.0390625,-45.046875
1.60259663559107e+18,0,23.625,1623.5,46.375,0,-45.046875,26.47265625,-45.42578125
1.60259663569107e+18,1204.4375,25.0625,1598.25,27.5625,0,-44.48046875,26.28515625,-45.09765625
1.60259663579107e+18,0,23.4375,1272.0625,37.875,0,-45.046875,27.41796875,-44.859375
1.60259663589107e+18,0,23.25,895.5,30.5625,0,-44.859375,28.5546875,28.17578125
1.60259663599107e+18,0,23.3125,25.3125,4923.1875,0,-45.11328125,28.8046875,25.71484375
1.60259663609107e+18,0,23.4375,5123.3125,4596.875,0,-45.046875,27.1328125,28.6484375
1.60259663619107e+18,0,23.625,4871.5625,3841.75,0,-44.48046875,27.984375,26.09375
1.60259663629107e+18,0,23.25,3954.625,3592.25,0,28.5546875,27.2265625,28.36328125
1.60259663639107e+18,0,23.75,3621.125,3037.1875,0,-44.48046875,28.5546875,23.19140625
1.60259663649107e+18,0,23.375,2920.6875,2367.125,0,-44.859375,26,25.71484375
1.60259663659107e+18,0,23.6875,1968.1875,1641.1875,0,-44.859375,26.78515625,27.0390625
1.60259663669107e+18,0,23.5,1452.5,790.25,0,28.078125,25.71484375,-45.23828125
1.60259663679107e+18,0,23.375,1107.75,23.0625,0,-45.30078125,-45.23828125,-45.23828125
1.60259663689107e+18,0,23.5,35.25,38.3125,0,-45.23828125,25.62109375,-45.42578125
1.60259663699107e+18,0,23.375,4946.8125,43,0,-44.921875,28.84375,-45.11328125
1.60259663709107e+18,0,23.375,4640.5625,23.375,0,27.37109375,27.1640625,-45.61328125
1.60259663719107e+18,0,23.25,3700.3125,23.0625,0,-45.42578125,27.0390625,-45.11328125
1.60259663729107e+18,0,25.125,3686.125,33.9375,0,-45.23828125,28.7890625,-44.54296875
1.60259663739107e+18,0,23.4375,3065.8125,24.875,0,-45.23828125,28.7421875,-45
1.60259663749107e+18,0,23.8125,2227.3125,25.25,0,-44.953125,26.28515625,-44.859375
1.60259663759107e+18,0,23.875,1718.375,23.5,0,-44.54296875,27.35546875,-45.42578125
1.60259663769107e+18,0,23.375,1042,23.1875,0,-44.921875,25.71484375,-44.859375
1.60259663779107e+18,0,23.5625,22.9375,22.8125,0,-44.48046875,28.84765625,-45.23828125
1.60259663789107e+18,0,23.5625,5445.5625,26.75,0,27.1640625,28.7421875,-45.42578125
1.60259663799107e+18,0,23.8125,4641.375,30.0625,28.85546875,-45.42578125,28.875,-45.046875
1.60259663809107e+18,0,23.625,3754.1875,25.125,0,-45.42578125,24.95703125,-44.765625
1.60259663819107e+18,0,23.75,3510.0625,25.4375,0,-45.046875,26.03125,-45.046875
1.60259663829107e+18,0,23.5625,3023.3125,27.6875,0,-45.046875,27.60546875,-45.23828125
1.60259663839107e+18,0,23.875,1984.125,33.25,0,-45.046875,28.89453125,-44.859375
1.60259663849107e+18,0,23.4375,1387.6875,26.5625,0,-45.11328125,26.37890625,-45.61328125
1.60259663859107e+18,0,23.5625,694,23.1875,0,-45.30078125,25.52734375,-45.23828125
1.60259663869107e+18,0,23.5625,24.6875,33,0,-44.671875,25.94921875,-45.42578125
1.60259663879107e+18,0,23.625,4979.9375,23.1875,0,-45.14453125,27.41796875,-45.42578125
1.60259663889107e+18,0,23.5625,4707.625,23.1875,0,28.17578125,27.921875,28.85546875
1.60259663899107e+18,0,23.375,4227.625,24.1875,0,-45.42578125,28.4140625,-44.921875
1.60259663909107e+18,0,23.5625,3146.0625,49.4375,0,-44.578125,28.7421875,-44.859375
1.60259663919107e+18,0,23.4375,3073.25,23,0,28.8359375,25.52734375,-45.61328125
1.60259663929107e+18,0,23.3125,1947.1875,27.3125,0,28.87109375,27.2265625,-45.23828125
1.60259663939107e+18,0,23.3125,1694.75,23,0,-44.953125,28.7890625,-44.765625
1.60259663949107e+18,0,23.625,928.8125,25.0625,0,-44.953125,27.2265625,-45.30078125
1.60259663959107e+18,24,23.25,23,26.4375,0,-44.859375,28.84765625,-45.42578125
1.60259663969107e+18,0,23.375,5244.5,23.5625,0,-45,28.86328125,-44.859375
1.60259663979107e+18,0,23.375,4816.4375,48.5625,0,-44.859375,28.84765625,-45.046875
1.60259663989107e+18,0,23.1875,4302.875,24.375,0,-44.1640625,28.6015625,-45.046875
1.60259663999107e+18,0,24.1875,3398.25,23.4375,0,-44.671875,27.41796875,-45.42578125
1.60259664009107e+18,0,23.4375,3049.75,24.5625,0,-45.30078125,25.96484375,-45.14453125
1.60259664019107e+18,0,23.6875,2349.9375,27.375,0,-44.859375,27.51171875,-45.23828125
1.60259664029107e+18,0,23.375,1493.0625,33.75,0,28.875,26.140625,26.6640625
1.60259664039107e+18,0,26.25,723.1875,24.6875,0,28.85546875,28.85546875,-45.61328125
1.60259664049107e+18,0,395.1875,490.3125,397,0,28.17578125,28.8359375,-45.33203125
1.60259664059107e+18,391.625,23.5625,480.0625,24.3125,0,27.35546875,28.36328125,-45.14453125
1.60259664069107e+18,0,23.8125,470.9375,40.375,0,-44.671875,27.2265625,-44.859375
1.60259664079107e+18,0,23.4375,24.125,27.625,0,-45.14453125,27.796875,-45.61328125
1.60259664089107e+18,0,23.5625,454.9375,29,0,-44.671875,27.0390625,-45.11328125
1.60259664099107e+18,0,23.625,445.0625,33.5625,0,28.7421875,24.01171875,-45.42578125
1.60259664109107e+18,0,23.9375,23.25,24.6875,0,-45.42578125,28.7421875,-45.61328125
1.60259664119107e+18,0,23.5625,4935.25,23.375,0,-44.48046875,28.5546875,-45.23828125
1.60259664129107e+18,0,23.875,4443.375,24.875,0,-45.23828125,28.45703125,-45.23828125
1.60259664139107e+18,0,23.25,3710.5625,36.9375,0,-44.859375,28.11328125,-45.23828125
1.60259664149107e+18,0,24.0625,3312.5625,23.3125,0,-44.859375,26.8515625,-45.42578125
1.60259664159107e+18,0,23.375,2984,24.5,0,-45.42578125,26.6640625,-44.859375
1.60259664169107e+18,0,23.4375,2028.5625,23.0625,0,-44.921875,26.6640625,-45.4921875
1.60259664179107e+18,0,23.6875,1639.4375,23.25,0,-45.14453125,27.41796875,-45.046875
1.60259664189107e+18,0,27.9375,1110.6875,39.1875,0,-44.921875,27.984375,-45.11328125
1.60259664199107e+18,0,23.8125,328,31.0625,0,28.87109375,27.51171875,-44.29296875
1.60259664209107e+18,0,23.8125,312.5,23,0,-45.19140625,28.7421875,-45.61328125
1.60259664219107e+18,2122.875,23.5,298.125,53.5625,0,-44.1015625,27.0390625,-45.23828125
1.60259664229107e+18,0,221.5625,284.3125,218.3125,0,28.86328125,25.71484375,-44.859375
1.60259664239107e+18,0,23.5625,271.375,209.3125,0,-45.046875,23.63671875,-45.42578125
1.60259664249107e+18,0,23.1875,258.5,33.9375,0,-45.11328125,25.5625,-45.4921875
1.60259664259107e+18,198.5,194,244.5625,191.75,0,-44.48046875,26.47265625,-45.42578125
1.60259664269107e+18,23.875,185.25,232.3125,183.5,26.47265625,-44.859375,25.65234375,-44.859375
1.60259664279107e+18,181.5625,177.5,222.125,175.4375,0,-45.23828125,26.7578125,28.4921875
1.60259664289107e+18,173.875,169.6875,212.8125,169.4375,0,27.0390625,27.35546875,-45.14453125
1.60259664299107e+18,166.125,162.875,204.1875,163.625,0,27.796875,27.9375,-45.046875
1.60259664309107e+18,158.8125,156.375,195.375,157.1875,0,21.36328125,28.85546875,-44.859375
1.60259664319107e+18,151,150.1875,187.1875,151.3125,0,22.12109375,28.9140625,-45.23828125
1.60259664329107e+18,144.9375,143.75,179.1875,145.5625,28.6796875,23.16015625,28.8828125,24.203125
1.60259664339107e+18,139,138.0625,172.875,140.125,28.36328125,25.90625,28.9140625,26.9765625
1.60259664349107e+18,133.25,132.75,166.75,134.9375,27.796875,26.9453125,26.09375,28.20703125
1.60259664359107e+18,127.75,127.875,161.0625,129.875,28.8359375,28.875,28.87109375,28.8515625
1.60259664369107e+18,122.6875,123.125,155.8125,125.125,28.90234375,28.84375,28.91015625,28.85546875
1.60259664379107e+18,117.75,118.4375,150.6875,120.375,28.87109375,28.87109375,28.8984375,28.85546875
1.60259664389107e+18,113.3125,113.875,145.6875,115.625,28.91015625,28.88671875,28.8984375,28.88671875
1.60259664399107e+18,108.8125,109.4375,140.375,110.9375,25.52734375,25.1484375,28.7890625,25.2421875
1.60259664409107e+18,104.5,105.125,135.375,106.1875,28.9375,28.84375,27.51171875,28.890625
1.60259664419107e+18,100.3125,100.9375,130.25,102,28.93359375,28.94140625,26.28515625,28.91015625
1.60259664429107e+18,96.5,97.125,125.3125,97.75,28.91015625,28.9140625,24.62890625,28.8828125
1.60259664439107e+18,92.8125,93.25,120.75,93.625,28.86328125,28.87109375,23.3515625,28.859375
1.60259664449107e+18,89.25,89.5,116.3125,89.875,28.09375,27.9140625,22.03515625,27.25390625
1.60259664459107e+18,85.75,86.125,112.0625,86.4375,26.30859375,26.47265625,20.48828125,26.56640625
1.60259664469107e+18,82.625,83,107.9375,83,24.78125,24.265625,19.078125,24.328125
1.60259664479107e+18,79.6875,79.9375,104,79.8125,22.9921875,23.109375,17.95703125,22.6875
1.60259664489107e+18,76.8125,76.9375,99.5625,76.8125,21.109375,21.6953125,16.82421875,21.55078125
1.60259664499107e+18,74.0625,74,95.875,73.625,20.19140625,19.81640625,15.34765625,19.5859375
1.60259664509107e+18,71.4375,71.4375,93,70.875,18.578125,18.18359375,13.83203125,18.4296875
1.60259664519107e+18,69.125,69,90,68.375,16.5703125,16.46875,12.8125,16.82421875
1.60259664529107e+18,67.1875,66.75,86.6875,66.0625,15.3359375,15.84765625,11.92578125,15.28125
1.60259664539107e+18,65.25,64.75,83.875,64.0625,13.7265625,13.60546875,10.9765625,14.42578125
1.60259664549107e+18,63.0625,61.625,81.125,62,13.3203125,13.66796875,10.01171875,12.68359375
1.60259664559107e+18,60.8125,60.625,78.8125,60.5,11.3359375,2.6328125,9.16015625,11.54296875
1.60259664569107e+18,60.0625,59.5625,76.6875,58.875,10.01171875,9.7265625,7.9296875,10.01171875
1.60259664579107e+18,58.625,58.125,74.8125,57.625,7.7421875,9.015625,7.375,9.21484375
1.60259664589107e+18,57.5,56.875,73.125,56.375,6.06640625,7.84375,6.6171875,8.30859375
1.60259664599107e+18,56.375,55.8125,71.4375,55.375,6.79296875,6.0390625,5.7734375,7.22265625
1.60259664609107e+18,55.4375,54.8125,70.125,54.5,3.7109375,6.2265625,5.01953125,6.38671875
1.60259664619107e+18,54.625,54.0625,69,53.875,4.14453125,5.09375,4.421875,5.1640625
1.60259664629107e+18,54,53.5,68.125,53.1875,-6.5,4.49609375,4.05859375,4.515625
1.60259664639107e+18,53.375,52.875,67.1875,52.6875,4.09765625,3.6484375,4.65234375,3.9375
1.60259664649107e+18,52.9375,52.3125,66.6875,52.125,3.0859375,3.26171875,2.16015625,3.42578125
1.60259664659107e+18,52.5625,51.8125,66,51.625,2.8203125,3.2578125,3.23828125,3.19140625
1.60259664669107e+18,52.0625,51.6875,65.4375,51.5,2.6328125,3.37109375,2.78125,3.0625
1.60259664679107e+18,51.6875,51.1875,47.125,50.875,2.66015625,2.78125,2.65625,2.98828125
1.60259664689107e+18,51.5,50.9375,47.0625,50.875,2.93359375,2.8125,3.46484375,2.70703125
1.60259664699107e+18,50.875,50.4375,64.0625,50.3125,2.62109375,2.70703125,-0.0703125,2.71484375
1.60259664709107e+18,50.8125,50.1875,52,50.3125,2.76171875,2.8828125,0.359375,2.87890625
1.60259664719107e+18,50.25,49.8125,50.625,49.75,2.57421875,2.90234375,2.6484375,3.15234375
1.60259664729107e+18,50.125,49.75,51.5,49.625,2.89453125,3,-0.71875,2.89453125
1.60259664739107e+18,49.625,49.1875,49.875,49.375,3.00390625,3.1171875,-2.23828125,3.05859375
1.60259664749107e+18,49.625,49.1875,47.875,49.0625,3.1171875,3.14453125,1.140625,2.95703125
1.60259664759107e+18,49,48.625,50.9375,48.9375,3.03125,2.99609375,1.1953125,3.2578125
1.60259664769107e+18,49,48.625,50.25,48.5,3.0234375,3.15234375,0.7734375,3.08984375
1.60259664779107e+18,48.4375,48,49.625,48.375,3.0234375,3.32421875,0.359375,3.125
1.60259664789107e+18,48.3125,48.0625,39.3125,47.875,3.1015625,3.26171875,-1.05859375,3.19140625
1.60259664799107e+18,47.75,47.4375,45.375,47.8125,3.01171875,3.171875,2.7734375,2.9609375
1.60259664809107e+18,47.6875,47.5,45.25,47.3125,3.02734375,3.2734375,2.8828125,2.875
1.60259664819107e+18,47.125,46.875,39.25,47.25,2.98828125,3.14453125,2.87890625,3.12109375
1.60259664829107e+18,47.1875,46.9375,37.9375,46.6875,2.93359375,3.1015625,2.75390625,3.03515625
1.60259664839107e+18,46.5625,46.5625,37.4375,46.75,2.85546875,2.94140625,2.89453125,3.140625
1.60259664849107e+18,46.6875,46.3125,45.625,46.125,3.078125,2.94140625,2.9609375,2.8515625
1.60259664859107e+18,46,46.25,45.25,46.125,2.99609375,2.86328125,1.08984375,2.9453125
1.60259664869107e+18,46.125,45.5625,45.5,45.5625,2.59765625,2.9296875,2.86328125,2.7265625
1.60259664879107e+18,45.5625,45.6875,34.3125,45.4375,2.69140625,2.796875,2.78515625,2.859375
1.60259664889107e+18,45.375,45,44.125,44.8125,2.98828125,2.69921875,0.7890625,2.8359375
1.60259664899107e+18,45.25,45.1875,33,45,3.08984375,2.8359375,3.26953125,2.8203125
1.60259664909107e+18,44.75,44.375,44.0625,44.25,2.87109375,2.875,1.26171875,2.78125
1.60259664919107e+18,44.8125,44.375,32.5,44.25,3.12890625,3.13671875,2.74609375,2.89453125
1.60259664929107e+18,44.1875,44,32.625,43.6875,2.421875,3.046875,0.609375,3.01171875
1.60259664939107e+18,44.0625,43.8125,33.1875,43.6875,2.6328125,2.93359375,1.55859375,2.9453125
1.60259664949107e+18,43.6875,43.4375,32.4375,43,2.6015625,2.91796875,0.83203125,2.84375
1.60259664959107e+18,43.5625,43.3125,55.25,43.0625,3.08984375,2.94140625,2.93359375,3.07421875
1.60259664969107e+18,43,42.5625,32.875,42.375,2.85546875,2.8828125,2.1796875,3.00390625
1.60259664979107e+18,43.0625,42.75,54.625,42.4375,2.69140625,2.95703125,2.7578125,3.1015625
1.60259664989107e+18,42.4375,42.0625,54.0625,41.8125,2.8515625,2.98828125,1.86328125,2.8828125
1.60259664999107e+18,42.4375,42.0625,53.875,41.875,3.34765625,2.83984375,3.38671875,3.05859375
1.60259665009107e+18,41.8125,41.4375,53.25,41.1875,3.24609375,2.92578125,1.0234375,2.99609375
1.60259665019107e+18,41.8125,41.5,50.75,41.3125,2.609375,2.94140625,2.578125,2.90234375
1.60259665029107e+18,41.1875,40.8125,50.875,40.5625,2.8203125,2.8359375,1.90625,3.04296875
1.60259665039107e+18,41.25,40.8125,51.4375,40.6875,2.98828125,2.9921875,1.6875,3.01171875
1.60259665049107e+18,40.75,40.1875,51.4375,40.125,2.890625,2.94921875,1.3828125,2.9921875
1.60259665059107e+18,40.75,40.1875,51.125,40,2.9765625,2.84375,1.9296875,2.99609375
1.60259665069107e+18,40,39.5,50.9375,39.375,2.64453125,2.828125,2.80078125,2.77734375
1.60259665079107e+18,40.125,39.625,50.3125,39.4375,2.890625,2.984375,1.875,2.984375
1.60259665089107e+18,39.4375,39,50.125,38.75,2.8359375,2.99609375,2.09375,2.8203125
1.60259665099107e+18,39.5,39.0625,49.6875,38.6875,3.16015625,2.921875,2.16015625,2.89453125
1.60259665109107e+18,38.75,38.3125,49,38.125,2.859375,2.953125,2.16796875,2.859375
1.60259665119107e+18,38.9375,38.4375,48.5625,38.25,2.8203125,3.0078125,1.84375,2.94140625
1.60259665129107e+18,38.1875,37.75,48.5,37.5,2.86328125,3.078125,2.1328125,2.85546875
1.60259665139107e+18,38.125,37.875,47.8125,37.5,2.8671875,2.796875,2.52734375,3.1171875
1.60259665149107e+18,37.5,37.1875,47.5,36.9375,2.99609375,2.8828125,3.2578125,2.94140625
1.60259665159107e+18,37.625,37.25,47.25,36.9375,3.19921875,2.8359375,2.01171875,3.09375
1.60259665169107e+18,36.9375,36.625,46.5625,36.375,2.60546875,3.01171875,2.66796875,2.875
1.60259665179107e+18,37.0625,36.5625,45.9375,36.375,2.91796875,2.90625,2.12109375,3.00390625
1.60259665189107e+18,36.4375,35.9375,45.9375,35.6875,2.91796875,2.95703125,2.9921875,2.94140625
1.60259665199107e+18,36.375,36,45.4375,35.8125,2.80859375,3,2.37890625,3.1015625
1.60259665209107e+18,35.75,35.375,45.3125,35.125,2.7421875,2.99609375,2.93359375,2.875
1.60259665219107e+18,35.8125,35.5,44.8125,35.25,2.69921875,2.97265625,2.1484375,3.0625
1.60259665229107e+18,35.125,34.75,44.125,34.5,2.70703125,3.015625,1.5078125,2.95703125
1.60259665239107e+18,35.3125,34.8125,44.25,34.5625,3.04296875,2.8515625,2.13671875,3.12109375
1.60259665249107e+18,34.5625,34.1875,43.5,33.9375,3.171875,2.90234375,2.2109375,2.86328125
1.60259665259107e+18,34.5,34.3125,43.4375,34.125,2.86328125,2.97265625,2.27734375,2.98046875
1.60259665269107e+18,33.9375,33.625,42.9375,33.375,2.796875,2.875,2.11328125,2.9296875
1.60259665279107e+18,34,33.6875,42.4375,33.3125,2.81640625,2.796875,1.73828125,2.890625
1.60259665289107e+18,33.3125,33,42.375,32.9375,2.52734375,2.8515625,2.1640625,2.984375
1.60259665299107e+18,33.375,33,41.6875,32.8125,2.75390625,2.96484375,2.703125,2.83984375
1.60259665309107e+18,32.6875,32.4375,41.4375,32.5625,2.765625,2.98046875,2.25390625,2.94140625
1.60259665319107e+18,32.6875,32.3125,41.25,32.0625,2.97265625,2.92578125,2.3125,2.80859375
1.60259665329107e+18,32.125,32.0625,40.5625,31.9375,2.65234375,2.8515625,2.59375,3.01171875
1.60259665339107e+18,32.125,31.875,40.6875,31.5,3.078125,2.97265625,2.23046875,2.88671875
1.60259665349107e+18,31.625,31.625,40,31.5,3.01171875,3.015625,2.43359375,2.98828125
1.60259665359107e+18,31.4375,31.1875,39.75,30.9375,2.8203125,2.83203125,2.59375,2.859375
1.60259665369107e+18,31,31.125,39.4375,30.9375,3.0234375,2.9765625,2.21484375,3.03515625
1.60259665379107e+18,30.9375,30.5625,38.8125,30.3125,2.9921875,3.01953125,2.1875,2.71484375
1.60259665389107e+18,30.625,30.625,38.875,30.375,3.01171875,3.015625,2.43359375,2.98046875
1.60259665399107e+18,30.1875,29.9375,38.125,29.8125,2.89453125,2.83984375,2.50390625,2.94140625
1.60259665409107e+18,29.8125,30.0625,37.875,29.875,3.10546875,3.04296875,2.2421875,2.91015625
1.60259665419107e+18,29.6875,29.3125,37.6875,29.125,2.8671875,2.9296875,2.12109375,2.86328125
1.60259665429107e+18,29.8125,29.4375,37,29.125,2.93359375,3.046875,2.27734375,2.87890625
1.60259665439107e+18,29.0625,28.75,37.125,28.5625,2.99609375,2.7890625,2.453125,2.91796875
1.60259665449107e+18,28.6875,28.875,36.375,28.625,2.86328125,2.96875,2.2890625,2.97265625
1.60259665459107e+18,28.4375,28.125,35.875,28,2.7109375,2.6875,2.7421875,2.796875
1.60259665469107e+18,28.375,28.25,35.875,28.0625,2.75,2.77734375,2.234375,2.875
1.60259665479107e+18,27.9375,27.625,35.125,27.4375,2.73046875,2.8125,2.375,2.796875
1.60259665489107e+18,27.875,27.6875,34.875,27.3125,2.66015625,2.76953125,2.2890625,2.6015625
1.60259665499107e+18,27.375,27,34.625,26.8125,2.8125,2.89453125,2.15234375,2.75
1.60259665509107e+18,27.25,26.9375,33.9375,26.75,2.7890625,2.62890625,2.32421875,2.7578125
1.60259665519107e+18,26.6875,26.5,33.9375,26.25,2.76953125,2.5,2.56640625,2.89453125
1.60259665529107e+18,26.5625,26.25,33.375,26.125,2.78515625,2.90234375,2.33984375,2.6875
1.60259665539107e+18,26.0625,26.0625,32.75,25.75,2.91796875,2.7734375,2.62109375,2.72265625
1.60259665549107e+18,26.0625,25.6875,32.8125,25.5625,2.80078125,2.84765625,2.56640625,2.66796875
1.60259665559107e+18,25.625,25.875,32.0625,25.4375,2.984375,2.8203125,2.57421875,2.765625
1.60259665569107e+18,25.5,25.125,32.1875,25.0625,2.8203125,2.859375,2.45703125,2.84765625
1.60259665579107e+18,25.125,25,31.5625,24.875,3.15234375,3.18359375,2.4921875,3.13671875
1.60259665589107e+18,24.8125,24.5625,30.9375,24.375,2.83203125,2.86328125,2.56640625,2.62109375
1.60259665599107e+18,24.6875,24.5625,31.0625,24.25,2.66015625,2.6328125,2.5859375,2.66015625
1.60259665609107e+18,24.25,23.875,30.25,23.75,2.83984375,3.06640625,2.41015625,3.04296875
1.60259665619107e+18,24.1875,23.8125,30.0625,23.625,2.90234375,2.8203125,2.61328125,2.7265625
1.60259665629107e+18,23.625,23.375,29.625,23.1875,2.25390625,2.875,2.66015625,2.80859375
1.60259665639107e+18,23.625,23.375,29.125,23.125,3.01171875,3.140625,2.484375,3.18359375
1.60259665649107e+18,23.1875,22.8125,29.125,22.625,2.84375,2.59765625,2.5859375,2.6328125
1.60259665659107e+18,23.375,23.0625,28.625,22.75,2.953125,3.14453125,2.47265625,2.33984375
1.60259665669107e+18,22.5625,22.25,28,22.0625,2.875,2.3046875,2.390625,2.40625
1.60259665679107e+18,22.8125,22.5,28.0625,22.1875,2.8828125,2.30859375,2.5390625,2.875
1.60259665689107e+18,21.9375,21.5625,27.375,21.5,2.4453125,2,2.28125,2.9296875
1.60259665699107e+18,21.8125,21.6875,26.75,21.625,2.9296875,2.328125,2.55859375,2.48046875
1.60259665709107e+18,21.25,20.9375,26.875,20.75,3.16796875,1.78125,2.40625,2.83203125
1.60259665719107e+18,21.4375,20.875,26.0625,20.875,1.54296875,2.16015625,2.203125,2.9453125
1.60259665729107e+18,20.6875,20.375,26.375,20.1875,2.38671875,1.7578125,2.34765625,1.2265625
1.60259665739107e+18,20.6875,20.375,25.5,20.125,1.96875,3.50390625,2.60546875,2.4453125
1.60259665749107e+18,20.1875,19.8125,24.9375,19.625,1.859375,2.80859375,2.12109375,1.49609375
1.60259665759107e+18,20.0625,19.8125,24.9375,19.6875,1.4453125,3.19921875,2.61328125,1.453125
1.60259665769107e+18,19.5625,19.3125,24.3125,19.0625,2.6328125,2.51171875,2.203125,1.875
1.60259665779107e+18,19.5,19.25,24,19.0625,1.52734375,2.58203125,2.08984375,2.31640625
1.60259665789107e+18,19.1875,18.9375,23.75,18.5625,2.70703125,0.9296875,2.4921875,2.515625
1.60259665799107e+18,18.875,18.6875,23.125,18.375,2.16015625,0.73828125,2.125,2.5
1.60259665809107e+18,18.75,18,23.25,18.3125,-1.05859375,-0.921875,1.1171875,0.01953125
1.60259665819107e+18,18.6875,18,23.125,18.125,-2.76171875,-0.7734375,-0.04296875,-2.32421875
1.60259665829107e+18,18.9375,18.375,23.125,18.375,-2.13671875,-1.53125,0.234375,-1.53125
1.60259665839107e+18,18.9375,18.6875,23.1875,18.375,-1.68359375,-1.375,0.44140625,-2.5
1.60259665849107e+18,18.9375,18.5625,23.0625,18.3125,-0.98046875,-1.765625,0.55078125,0.51953125
1.60259665859107e+18,18.875,18.5,23.1875,18.5,-1.77734375,-1.53125,0.58203125,-0.39453125
1.60259665869107e+18,18.875,18.5625,23.25,18.375,-1.5625,-0.39453125,0.65625,1.29296875
1.60259665879107e+18,18.8125,18.5625,23.1875,18.3125,0.00390625,1.0546875,1.4765625,1.26953125
1.60259665889107e+18,18.875,18.6875,23.1875,18.375,1.53125,0.171875,2.07421875,0.01953125
1.60259665899107e+18,18.375,18.375,23.25,18.1875,-0.7734375,-2.42578125,0.7890625,-0.58203125
1.60259665909107e+18,18.75,18.5625,23.25,18.375,-0.58203125,0.359375,0.40234375,-1.12109375
1.60259665919107e+18,18.5625,18.4375,23.25,18.5,-0.58203125,0.91015625,1.484375,0.53515625
